{"options":{"check_for_updates":true,"comment":null,"compatopts_for_requires":true,"compat_wrappedjsobject":false,"compat_metadata":false,"compat_foreach":false,"compat_arrayleft":false,"compat_uW_gmonkey":false,"compat_forvarin":false,"noframes":null,"awareOfChrome":false,"run_at":null,"override":{"merge_connects":true,"merge_excludes":true,"merge_includes":true,"merge_matches":true,"orig_excludes":[],"orig_includes":[],"orig_matches":["*https://beta.music.apple.com/*"],"orig_noframes":null,"orig_run_at":"document-end","use_blockers":[],"use_connects":[],"use_excludes":[],"use_includes":[],"use_matches":[],"orig_connects":[]}},"settings":{"enabled":true,"position":2},"meta":{"name":"Apple Music AutoPlay - MANAGER","uuid":"f34dc01e-536c-44fb-8996-00b7437594e5","modified":1584123524817,"file_url":"https://bjemtj.github.io/tampermonkey/apple-main.js"}}